{
    "created_at": "2025-12-03T15:57:54.516072",
    "train_end_month": "2018-06",
    "metrics": {
        "accuracy": 0.9892344497607656,
        "precision": 0.5441176470588235,
        "recall": 0.7956989247311828,
        "f1": 0.6462882096069869,
        "roc_auc": 0.9805103004993612,
        "gini": 0.9610206009987223
    }
}